username,email,password
BarnaCica23,barna_cica23@gmail.com,BarnaCica23
FeketeCica23,fekete_cica23@gmail.com,FeketeCica23
CirmosCica23,cirmos_cica23@gmail.com,CirmosCica23
TarkaCica23,tarka_cica23@gmail.com,TarkaCica23
FoltosCica23,foltos_cica23@gmail.com,FoltosCica23